latitude,longitude,brightness,scan,track,acq_date,acq_time,satellite,confidence,version,bright_t31,frp,daynight
22.32618,97.59787,306.8,2.12,1.42,2022-01-24,0340,T,59,6.1NRT,292.86,15.55,D
18.99478,99.89998,305.85,1.32,1.14,2022-01-24,0340,T,39,6.1NRT,295.74,5.39,D
17.38896,101.81741,317.32,1.04,1.02,2022-01-24,0342,T,69,6.1NRT,297.92,10.45,D
15.01596,101.86953,317.45,1.01,1.01,2022-01-24,0342,T,58,6.1NRT,301.12,7.09,D
14.14142,101.48148,319.23,1.02,1.01,2022-01-24,0342,T,60,6.1NRT,303.11,10.04,D
14.11934,101.24817,323.86,1.03,1.02,2022-01-24,0342,T,68,6.1NRT,302.25,11.68,D
13.46418,99.47988,315.59,1.2,1.09,2022-01-24,0342,T,51,6.1NRT,301.34,8.15,D
13.35112,98.56245,313.84,1.36,1.15,2022-01-24,0342,T,65,6.1NRT,301.78,10.21,D
5.5734,100.48159,318.86,1,1,2022-01-24,0344,T,61,6.1NRT,293.24,8.94,D
27.55957,101.8898,304.01,1.29,1.13,2022-01-24,0338,T,58,6.1NRT,282.79,11.57,D
27.41477,101.21032,301.79,1.41,1.18,2022-01-24,0338,T,44,6.1NRT,288.47,7.62,D
26.9145,101.84091,308.38,1.28,1.12,2022-01-24,0338,T,67,6.1NRT,283.48,15.06,D
26.91307,101.85267,300.49,1.28,1.12,2022-01-24,0338,T,19,6.1NRT,283.74,7.37,D
26.57959,101.66845,316.89,1.29,1.13,2022-01-24,0338,T,77,6.1NRT,293.12,17.21,D
26.52389,101.95721,320.14,1.24,1.11,2022-01-24,0338,T,80,6.1NRT,291.66,22.48,D
26.5223,101.97009,307.37,1.24,1.11,2022-01-24,0338,T,52,6.1NRT,289.46,9.02,D
26.40062,101.80025,310.6,1.26,1.12,2022-01-24,0338,T,63,6.1NRT,291.02,11.24,D
26.32387,101.76319,308.67,1.27,1.12,2022-01-24,0338,T,49,6.1NRT,292.91,9.18,D
26.32307,101.76902,309.04,1.27,1.12,2022-01-24,0338,T,63,6.1NRT,291.86,9.43,D
23.4546,100.59599,303.67,1.37,1.16,2022-01-24,0338,T,57,6.1NRT,284.94,10.2,D
22.6911,100.85739,306.06,1.29,1.13,2022-01-24,0338,T,63,6.1NRT,286.89,10.19,D
17.53548,78.27866,312.8,1,1,2022-01-24,0520,T,52,6.1NRT,299.4,4.96,D
17.20519,80.0962,311.96,1.08,1.04,2022-01-24,0520,T,60,6.1NRT,299.86,5.1,D
17.20362,80.10623,313.53,1.08,1.04,2022-01-24,0520,T,64,6.1NRT,300.1,6.38,D
17.61481,76.94758,319.12,1.05,1.03,2022-01-24,0520,T,69,6.1NRT,300.5,9.96,D
17.94658,74.05396,308.53,1.51,1.21,2022-01-24,0520,T,51,6.1NRT,295.67,7.47,D
17.63313,76.2849,313,1.12,1.05,2022-01-24,0520,T,50,6.1NRT,297.83,5.86,D
17.85322,73.88951,308.13,1.55,1.23,2022-01-24,0520,T,52,6.1NRT,296.06,8.05,D
17.19704,78.1349,315.13,1,1,2022-01-24,0520,T,60,6.1NRT,300.85,6.42,D
17.20525,77.1786,316.75,1.03,1.02,2022-01-24,0520,T,62,6.1NRT,301.54,6.26,D
16.08124,79.66899,318.99,1.07,1.03,2022-01-24,0520,T,62,6.1NRT,299.62,11.82,D
15.73662,77.15088,321.18,1.02,1.01,2022-01-24,0520,T,70,6.1NRT,305.46,10.69,D
15.38486,77.03533,317.38,1.02,1.01,2022-01-24,0520,T,63,6.1NRT,301.75,8.1,D
15.02772,78.8393,313.13,1.03,1.01,2022-01-24,0520,T,36,6.1NRT,300.46,6.27,D
15.03339,77.87089,319.54,1,1,2022-01-24,0520,T,59,6.1NRT,305.24,7.05,D
15.03169,77.57025,318.1,1,1,2022-01-24,0520,T,65,6.1NRT,304.65,6.28,D
15.21525,75.95771,342.61,1.1,1.04,2022-01-24,0520,T,91,6.1NRT,305.51,43.08,D
15.21385,75.96778,342.24,1.1,1.04,2022-01-24,0520,T,91,6.1NRT,304.32,42.65,D
13.06626,74.88441,312.43,1.17,1.08,2022-01-24,0522,T,60,6.1NRT,298.05,7.09,D
13.06478,74.89511,314.67,1.17,1.08,2022-01-24,0522,T,65,6.1NRT,297.93,9.36,D
11.88705,79.34197,310.9,1.13,1.06,2022-01-24,0522,T,29,6.1NRT,294.7,3.79,D
11.89715,77.01604,313.86,1,1,2022-01-24,0522,T,59,6.1NRT,302.57,4.93,D
11.03557,78.59195,315.69,1.07,1.03,2022-01-24,0522,T,61,6.1NRT,299.69,6.56,D
10.35113,79.72254,314.93,1.23,1.1,2022-01-24,0522,T,0,6.1NRT,300.7,10.3,D
10.37057,77.43143,323.03,1.01,1,2022-01-24,0522,T,79,6.1NRT,293.24,17.44,D
8.19028,77.58693,311.2,1.04,1.02,2022-01-24,0522,T,47,6.1NRT,283.23,6.73,D
23.03568,79.36069,310.65,1,1,2022-01-24,0518,T,69,6.1NRT,289.95,8.65,D
22.84808,79.25207,305.3,1,1,2022-01-24,0518,T,49,6.1NRT,288.01,4.95,D
22.89334,78.87242,308.64,1.01,1.01,2022-01-24,0518,T,65,6.1NRT,291.93,6.48,D
22.85533,78.81638,306.81,1.02,1.01,2022-01-24,0518,T,62,6.1NRT,291.62,5.83,D
20.96187,85.16985,307.39,1.91,1.35,2022-01-24,0518,T,44,6.1NRT,292.02,9.62,D
20.9573,85.16322,305.24,1.91,1.35,2022-01-24,0518,T,22,6.1NRT,290.8,6.72,D
22.20425,75.93801,308.51,1.31,1.13,2022-01-24,0518,T,64,6.1NRT,292.93,8.26,D
22.20273,75.95056,306.37,1.3,1.13,2022-01-24,0518,T,47,6.1NRT,292.93,6.37,D
22.20462,75.94473,308.58,1.3,1.13,2022-01-24,0518,T,0,6.1NRT,293.27,8.06,D
21.28157,76.72012,307.36,1.16,1.07,2022-01-24,0518,T,40,6.1NRT,293.85,5.6,D
21.43402,74.51204,305.66,1.57,1.24,2022-01-24,0518,T,32,6.1NRT,292.86,6.44,D
21.4005,74.79194,332.96,1.5,1.21,2022-01-24,0518,T,87,6.1NRT,295.42,53.55,D
21.39876,74.80634,330.37,1.5,1.21,2022-01-24,0518,T,85,6.1NRT,294.69,47.27,D
20.40065,74.91774,311.95,1.43,1.18,2022-01-24,0518,T,65,6.1NRT,295.18,11.55,D
20.1097,76.15629,308.14,1.2,1.09,2022-01-24,0518,T,46,6.1NRT,295.19,6.7,D
19.70642,74.7406,309.39,1.44,1.19,2022-01-24,0518,T,57,6.1NRT,295.87,9.32,D
19.70062,74.74712,310.65,1.44,1.19,2022-01-24,0518,T,61,6.1NRT,295.63,10.16,D
19.37732,77.04125,307.72,1.08,1.04,2022-01-24,0518,T,47,6.1NRT,295.02,4.36,D
19.59545,74.99026,308.49,1.38,1.16,2022-01-24,0518,T,50,6.1NRT,294.67,7.21,D
19.31451,77.15558,308.62,1.07,1.03,2022-01-24,0518,T,53,6.1NRT,295.29,4.49,D
19.58502,74.9889,308.74,1.38,1.16,2022-01-24,0518,T,55,6.1NRT,294.54,7.23,D
19.2494,77.43364,318.62,1.05,1.02,2022-01-24,0518,T,70,6.1NRT,294.93,13.07,D
19.24802,77.44347,318.99,1.04,1.02,2022-01-24,0518,T,70,6.1NRT,295.06,13.37,D
19.22154,77.49953,314.81,1.04,1.02,2022-01-24,0518,T,68,6.1NRT,295.01,9.43,D
19.59805,74.57408,308.12,1.47,1.2,2022-01-24,0518,T,54,6.1NRT,294.18,8.54,D
19.17842,77.0817,320.78,1.07,1.03,2022-01-24,0518,T,76,6.1NRT,296.04,15.34,D
19.17703,77.09175,311.63,1.07,1.03,2022-01-24,0518,T,62,6.1NRT,295.37,6.68,D
18.72173,79.54033,311.49,1.02,1.01,2022-01-24,0518,T,58,6.1NRT,297.78,4.98,D
18.89396,77.66878,307.4,1.03,1.01,2022-01-24,0518,T,46,6.1NRT,294.09,3.7,D
19.33568,72.02721,310.12,2.23,1.45,2022-01-24,0518,T,25,6.1NRT,289.42,23.82,D
18.43218,78.06902,317.96,1.01,1,2022-01-24,0518,T,73,6.1NRT,298.17,9.51,D
17.88228,80.85256,308.6,1.15,1.07,2022-01-24,0518,T,54,6.1NRT,296.7,4.28,D
17.8806,80.86321,327.83,1.15,1.07,2022-01-24,0518,T,63,6.1NRT,297.79,25.96,D
18.20057,78.13933,311.55,1,1,2022-01-24,0518,T,58,6.1NRT,296.42,5.81,D
17.78193,79.83737,308.71,1.05,1.02,2022-01-24,0518,T,49,6.1NRT,297.42,4.44,D
14.06021,101.35143,342.99,1.21,1.09,2022-01-24,0654,A,91,6.1NRT,307.54,46.11,D
14.05872,101.34032,330.3,1.21,1.09,2022-01-24,0654,A,79,6.1NRT,308.25,18.81,D
14.1091,101.24781,356.49,1.2,1.09,2022-01-24,0654,A,98,6.1NRT,309.98,81.61,D
14.25617,99.88897,329.83,1.05,1.02,2022-01-24,0654,A,81,6.1NRT,303.23,21.04,D
14.8058,100.28031,321.18,1.1,1.04,2022-01-24,0654,A,67,6.1NRT,302.98,10.76,D
14.90528,100.33166,327.22,1.1,1.05,2022-01-24,0654,A,77,6.1NRT,303.23,18.27,D
14.80445,98.41373,311.5,1,1,2022-01-24,0654,A,31,6.1NRT,301.09,5.22,D
15.12563,100.67813,332.66,1.15,1.07,2022-01-24,0654,A,82,6.1NRT,312.87,19.83,D
15.13511,100.2802,322.77,1.1,1.05,2022-01-24,0654,A,71,6.1NRT,309.97,11.01,D
15.80595,101.93388,317.12,1.38,1.16,2022-01-24,0654,A,45,6.1NRT,297.89,9.17,D
15.64326,99.54279,320.9,1.05,1.02,2022-01-24,0654,A,54,6.1NRT,305.86,8.99,D
15.90615,97.69151,320.18,1,1,2022-01-24,0654,A,43,6.1NRT,304.9,8.92,D
16.28144,99.70457,316.27,1.07,1.03,2022-01-24,0654,A,48,6.1NRT,303.24,5.47,D
15.81726,95.47295,313.54,1.19,1.08,2022-01-24,0654,A,37,6.1NRT,303.03,6.38,D
16.22248,97.96355,314.91,1,1,2022-01-24,0654,A,33,6.1NRT,302.74,4.63,D
16.33084,97.82726,318.81,1,1,2022-01-24,0654,A,69,6.1NRT,304.3,5.42,D
16.04339,95.42223,352.38,1.19,1.08,2022-01-24,0654,A,96,6.1NRT,308.05,71.41,D
16.04168,95.41129,332.95,1.19,1.08,2022-01-24,0654,A,84,6.1NRT,307.46,26.88,D
16.09873,95.52428,323.83,1.17,1.08,2022-01-24,0654,A,70,6.1NRT,308.36,10.86,D
16.09707,95.51347,324.29,1.17,1.08,2022-01-24,0654,A,73,6.1NRT,306.63,11,D
16.10093,95.51839,325.71,1.17,1.08,2022-01-24,0654,A,77,6.1NRT,308.11,15.31,D
16.85805,99.61255,319.4,1.07,1.03,2022-01-24,0654,A,46,6.1NRT,303.2,9.85,D
16.3629,96.1097,320.67,1.1,1.04,2022-01-24,0654,A,69,6.1NRT,307.3,8.18,D
16.66071,98.06891,315.98,1,1,2022-01-24,0654,A,46,6.1NRT,301.52,5.06,D
16.61811,97.7726,318.24,1,1,2022-01-24,0654,A,49,6.1NRT,304.64,5.82,D
16.3722,96.10814,345.19,1.1,1.04,2022-01-24,0654,A,92,6.1NRT,307.95,47.19,D
16.37067,96.09801,333.42,1.1,1.04,2022-01-24,0654,A,84,6.1NRT,306.43,25.5,D
16.65099,97.80906,327.5,1,1,2022-01-24,0654,A,78,6.1NRT,304.34,15.36,D
16.64965,97.7998,325.17,1,1,2022-01-24,0654,A,75,6.1NRT,304.58,12.72,D
16.74241,97.67416,323.32,1,1,2022-01-24,0654,A,73,6.1NRT,304.54,11.3,D
16.74107,97.66489,316.18,1,1,2022-01-24,0654,A,44,6.1NRT,303.19,4.46,D
16.7861,97.91375,316.84,1,1,2022-01-24,0654,A,54,6.1NRT,304.02,5.28,D
16.92855,96.31646,327.56,1.06,1.03,2022-01-24,0654,A,79,6.1NRT,307.52,15.07,D
16.92706,96.30659,320.25,1.07,1.03,2022-01-24,0654,A,60,6.1NRT,304.88,6.71,D
17.47004,99.81069,318.19,1.11,1.05,2022-01-24,0654,A,56,6.1NRT,302.64,3.98,D
17.51969,99.82448,333.56,1.11,1.05,2022-01-24,0654,A,85,6.1NRT,305.55,25.75,D
17.1326,96.214,317.45,1.07,1.03,2022-01-24,0654,A,60,6.1NRT,303.87,7.11,D
17.73711,98.58964,319.62,1.02,1.01,2022-01-24,0654,A,50,6.1NRT,306.49,8.32,D
37.12008,62.37014,304.31,1.25,1.11,2022-01-24,0654,T,59,6.1NRT,283.99,7.57,D
27.15763,56.10341,308.88,1,1,2022-01-24,0656,T,62,6.1NRT,295.62,5.16,D
24.5068,56.60642,313.3,1.04,1.02,2022-01-24,0656,T,46,6.1NRT,301.3,5.27,D
39.85064,98.26608,305.47,1.69,1.28,2022-01-24,0701,A,61,6.1NRT,281.77,15.26,D
39.84898,98.25931,302.45,1.69,1.28,2022-01-24,0701,A,45,6.1NRT,281.66,12.19,D
17.44544,96.38477,319.75,1.05,1.02,2022-01-24,0654,A,72,6.1NRT,301.29,11.69,D
17.44395,96.37501,315.6,1.05,1.02,2022-01-24,0654,A,62,6.1NRT,301.41,7.44,D
17.51967,95.89865,319.62,1.09,1.04,2022-01-24,0654,A,53,6.1NRT,306.81,6.76,D
18.52453,100.15274,319.95,1.18,1.08,2022-01-24,0654,A,73,6.1NRT,304.59,10.75,D
18.76993,101.30991,314.14,1.38,1.16,2022-01-24,0654,A,32,6.1NRT,302,11.98,D
18.77289,100.04802,316.35,1.17,1.08,2022-01-24,0654,A,32,6.1NRT,303.1,7.32,D
18.77497,100.04205,315.28,1.17,1.08,2022-01-24,0654,A,55,6.1NRT,303.71,7.25,D
18.12334,95.09153,315.32,1.16,1.07,2022-01-24,0654,A,61,6.1NRT,303.61,6.93,D
18.12165,95.08072,315.96,1.17,1.07,2022-01-24,0654,A,58,6.1NRT,302.53,8.13,D
18.17613,95.08667,318.82,1.16,1.07,2022-01-24,0654,A,54,6.1NRT,305.07,8.46,D
18.17441,95.07587,319.06,1.16,1.07,2022-01-24,0654,A,60,6.1NRT,305.89,9.31,D
18.18739,95.09579,317.96,1.16,1.07,2022-01-24,0654,A,21,6.1NRT,304.63,7.46,D
18.57519,95.68704,319.73,1.09,1.04,2022-01-24,0654,A,59,6.1NRT,306.94,6.94,D
18.64609,95.01855,322.59,1.16,1.07,2022-01-24,0654,A,76,6.1NRT,305.44,14.52,D
19.18999,98.45296,321.27,1.03,1.01,2022-01-24,0654,A,60,6.1NRT,301.7,11.85,D
19.08434,97.24411,318.97,1,1,2022-01-24,0654,A,74,6.1NRT,301.83,8.06,D
19.08298,97.2347,316.58,1,1,2022-01-24,0654,A,54,6.1NRT,302.96,6.36,D
18.90638,94.90967,315.28,1.16,1.07,2022-01-24,0654,A,64,6.1NRT,302.47,8.2,D
19.41807,98.1043,315.79,1.02,1.01,2022-01-24,0654,A,66,6.1NRT,303.31,7.67,D
19.35693,97.41254,316.19,1,1,2022-01-24,0654,A,32,6.1NRT,303.37,5.16,D
19.05951,95.23851,316.62,1.12,1.05,2022-01-24,0654,A,58,6.1NRT,304.4,6.13,D
19.73819,99.38197,309.91,1.11,1.05,2022-01-24,0654,A,47,6.1NRT,298.47,6.76,D
19.46311,97.37925,316.39,1,1,2022-01-24,0654,A,51,6.1NRT,303.22,6.86,D
19.36001,96.35868,317.76,1.02,1.01,2022-01-24,0654,A,57,6.1NRT,302.41,6.49,D
19.26,95.34074,317.98,1.1,1.05,2022-01-24,0654,A,53,6.1NRT,303.77,4.27,D
19.68932,97.03572,310.71,1,1,2022-01-24,0654,A,47,6.1NRT,291.55,6.47,D
19.79071,97.42381,316.61,1,1,2022-01-24,0654,A,68,6.1NRT,302.54,6.83,D
19.78936,97.41438,319.63,1,1,2022-01-24,0654,A,74,6.1NRT,301.47,10.49,D
19.48075,94.91555,316.24,1.14,1.07,2022-01-24,0654,A,62,6.1NRT,303.73,6.12,D
20.13519,97.05672,313.9,1,1,2022-01-24,0654,A,47,6.1NRT,300.91,6.72,D
20.11197,96.89632,330.95,1,1,2022-01-24,0654,A,84,6.1NRT,305.19,20.78,D
20.11061,96.88692,321.19,1,1,2022-01-24,0654,A,56,6.1NRT,302.13,10.19,D
20.17699,97.03053,316.21,1,1,2022-01-24,0654,A,60,6.1NRT,301.74,7.01,D
20.1818,97.00079,316.59,1,1,2022-01-24,0654,A,60,6.1NRT,299.65,8.79,D
20.22722,96.99729,318.95,1,1,2022-01-24,0654,A,33,6.1NRT,296.64,9.68,D
20.24918,96.89695,313.54,1,1,2022-01-24,0654,A,55,6.1NRT,301.96,5.33,D
20.15217,95.86396,315.43,1.04,1.02,2022-01-24,0654,A,59,6.1NRT,298.72,6.55,D
20.48578,97.91049,315.16,1.02,1.01,2022-01-24,0654,A,71,6.1NRT,298.61,7.71,D
20.34355,96.84581,320.96,1,1,2022-01-24,0654,A,75,6.1NRT,300.05,12.27,D
20.05045,94.68233,323.06,1.16,1.07,2022-01-24,0654,A,74,6.1NRT,303.59,15.26,D
20.04871,94.67144,324.05,1.16,1.07,2022-01-24,0654,A,75,6.1NRT,304.63,16.63,D
20.52478,97.53672,314.24,1.01,1,2022-01-24,0654,A,67,6.1NRT,301.74,6.21,D
20.19477,94.76053,319.79,1.14,1.06,2022-01-24,0654,A,68,6.1NRT,304.15,8.7,D
20.34315,94.77678,316.91,1.13,1.06,2022-01-24,0654,A,59,6.1NRT,303.72,7.55,D
20.39245,94.6571,317.18,1.15,1.07,2022-01-24,0654,A,50,6.1NRT,302.81,7.29,D
20.91071,97.39434,312.48,1,1,2022-01-24,0654,A,44,6.1NRT,300.01,6.63,D
20.40655,93.04681,321.22,1.41,1.18,2022-01-24,0654,A,47,6.1NRT,303.75,16.48,D
21.03774,96.86569,320.42,1,1,2022-01-24,0654,A,68,6.1NRT,301.81,10.06,D
21.22438,98.13252,316.51,1.04,1.02,2022-01-24,0654,A,66,6.1NRT,302.09,8.6,D
21.28337,98.16787,317.29,1.04,1.02,2022-01-24,0654,A,75,6.1NRT,300.28,10.45,D
20.51328,93.00712,336.69,1.41,1.18,2022-01-24,0654,A,88,6.1NRT,299.89,52.8,D
20.51103,92.99388,335.69,1.42,1.18,2022-01-24,0654,A,88,6.1NRT,301.34,51.44,D
21.53646,99.82127,307.05,1.22,1.1,2022-01-24,0654,A,60,6.1NRT,294.16,7.28,D
21.33146,98.18049,318.86,1.04,1.02,2022-01-24,0654,A,58,6.1NRT,297.83,11.98,D
20.64472,93.04353,319.2,1.4,1.17,2022-01-24,0654,A,74,6.1NRT,301.34,14.13,D
20.6425,93.03031,317.45,1.4,1.17,2022-01-24,0654,A,51,6.1NRT,300.81,11.4,D
20.67752,92.98244,318.82,1.41,1.18,2022-01-24,0654,A,61,6.1NRT,302.72,11.25,D
21.38383,96.33389,313.4,1.01,1,2022-01-24,0654,A,55,6.1NRT,298.56,5.64,D
21.49051,96.4374,332.81,1,1,2022-01-24,0656,A,85,6.1NRT,301.94,26.23,D
21.64895,96.8927,313.34,1,1,2022-01-24,0656,A,43,6.1NRT,300.4,4.68,D
21.64759,96.88317,317.41,1,1,2022-01-24,0656,A,69,6.1NRT,301.4,8.19,D
22.01788,97.41585,321.7,1.01,1.01,2022-01-24,0656,A,33,6.1NRT,300.42,13.84,D
22.19354,97.56048,320.17,1.02,1.01,2022-01-24,0656,A,77,6.1NRT,296.08,13.61,D
22.20252,97.55898,327.83,1.02,1.01,2022-01-24,0656,A,84,6.1NRT,296.77,21.04,D
22.29806,97.64672,314.54,1.02,1.01,2022-01-24,0656,A,59,6.1NRT,295.13,9.33,D
22.28043,97.51951,314.04,1.02,1.01,2022-01-24,0656,A,56,6.1NRT,299.21,8,D
22.2723,97.46108,316.62,1.02,1.01,2022-01-24,0656,A,34,6.1NRT,297.72,7.87,D
22.28127,97.45962,322.71,1.02,1.01,2022-01-24,0656,A,80,6.1NRT,297.66,14.26,D
22.35421,97.5919,307.58,1.02,1.01,2022-01-24,0656,A,30,6.1NRT,293.16,3.8,D
22.35287,97.58212,309.63,1.02,1.01,2022-01-24,0656,A,38,6.1NRT,295.8,4.88,D
22.33623,97.39559,310.72,1.01,1.01,2022-01-24,0656,A,62,6.1NRT,296.66,5.26,D
22.06061,95.30962,314.41,1.05,1.02,2022-01-24,0656,A,64,6.1NRT,299.75,4.92,D
22.50243,97.46574,313.76,1.02,1.01,2022-01-24,0656,A,69,6.1NRT,297.6,5.67,D
22.50109,97.45605,316.92,1.02,1.01,2022-01-24,0656,A,74,6.1NRT,300.06,8.34,D
22.45084,95.45032,314.85,1.03,1.02,2022-01-24,0656,A,67,6.1NRT,298.37,6.62,D
22.57295,95.40617,313.23,1.03,1.02,2022-01-24,0656,A,65,6.1NRT,297.43,6.19,D
22.60923,95.27711,315.88,1.04,1.02,2022-01-24,0656,A,70,6.1NRT,297.74,7.1,D
22.60772,95.26714,318.95,1.04,1.02,2022-01-24,0656,A,74,6.1NRT,298.06,10.18,D
22.7207,95.34727,312.83,1.03,1.02,2022-01-24,0656,A,54,6.1NRT,294.76,5.12,D
22.71918,95.33733,313.5,1.04,1.02,2022-01-24,0656,A,51,6.1NRT,297.13,5.74,D
23.20786,98.40121,321.53,1.09,1.04,2022-01-24,0656,A,80,6.1NRT,292.68,20.09,D
26.56339,92.35973,355.88,1.24,1.11,2022-01-24,0656,A,80,6.1NRT,293.95,98.7,D
26.56136,92.3475,358.81,1.24,1.11,2022-01-24,0656,A,94,6.1NRT,294.18,109.51,D
28.20683,101.93743,308.58,2.06,1.4,2022-01-24,0656,A,24,6.1NRT,279.51,26.06,D
28.20968,101.93216,317.73,2.06,1.4,2022-01-24,0656,A,67,6.1NRT,281.68,46.81,D
28.23439,101.92658,333.7,2.06,1.4,2022-01-24,0656,A,89,6.1NRT,282.33,98.38,D
28.3602,101.90807,300.1,2.06,1.4,2022-01-24,0656,A,12,6.1NRT,278.42,14.72,D
28.96943,95.78728,329.58,1.01,1.01,2022-01-24,0656,A,60,6.1NRT,272.09,30.12,D
12.12816,77.21284,319.26,1.24,1.11,2022-01-24,0832,A,46,6.1NRT,305.83,6.57,D
12.59098,77.62222,318.36,1.33,1.14,2022-01-24,0832,A,56,6.1NRT,303.52,9.3,D
12.5876,77.61689,318.76,1.33,1.14,2022-01-24,0832,A,50,6.1NRT,303.81,10.52,D
12.85015,77.7439,318.19,1.37,1.16,2022-01-24,0832,A,57,6.1NRT,305.63,8.58,D
13.50306,77.66199,315.2,1.38,1.16,2022-01-24,0832,A,24,6.1NRT,299.97,9.36,D
13.74932,76.51909,316.81,1.19,1.08,2022-01-24,0832,A,41,6.1NRT,304.43,6.44,D
13.96039,77.6607,321.99,1.4,1.17,2022-01-24,0832,A,66,6.1NRT,305.99,13.76,D
13.76898,75.75821,324.29,1.09,1.04,2022-01-24,0832,A,74,6.1NRT,303.9,15.82,D
16.38458,77.61512,317.31,1.5,1.21,2022-01-24,0834,A,35,6.1NRT,303.27,10.7,D
16.23456,76.02917,319.76,1.19,1.09,2022-01-24,0834,A,61,6.1NRT,304.4,8.32,D
16.28508,75.88822,318.11,1.17,1.08,2022-01-24,0834,A,55,6.1NRT,302.04,8.65,D
17.45034,78.22091,322.47,1.71,1.28,2022-01-24,0834,A,71,6.1NRT,301.43,23.94,D
17.26536,73.84339,313.06,1.01,1.01,2022-01-24,0834,A,34,6.1NRT,299.72,6.31,D
17.26403,73.83391,317.31,1.01,1.01,2022-01-24,0834,A,62,6.1NRT,302.34,10.32,D
17.34878,74.1117,316.07,1.03,1.01,2022-01-24,0834,A,58,6.1NRT,302.31,5.9,D
18.20569,78.6973,312,1.9,1.35,2022-01-24,0834,A,49,6.1NRT,297.49,11.19,D
17.96535,75.77852,323.61,1.21,1.09,2022-01-24,0834,A,73,6.1NRT,302.73,16.24,D
18.00806,75.25365,316.14,1.14,1.06,2022-01-24,0834,A,59,6.1NRT,300.88,8.72,D
18.00666,75.24305,315.3,1.14,1.06,2022-01-24,0834,A,55,6.1NRT,300.41,7.78,D
18.0755,74.70912,315.9,1.08,1.04,2022-01-24,0834,A,61,6.1NRT,300.55,8.28,D
18.55188,77.00031,313.48,1.46,1.19,2022-01-24,0834,A,51,6.1NRT,298.54,9.22,D
18.09821,73.22157,325.19,1,1,2022-01-24,0834,A,77,6.1NRT,300.59,17.61,D
18.09689,73.21223,318.97,1,1,2022-01-24,0834,A,68,6.1NRT,299.11,11.7,D
18.30332,74.43185,318.15,1.06,1.03,2022-01-24,0834,A,66,6.1NRT,303,7.36,D
18.26908,73.19194,349.02,1,1,2022-01-24,0834,A,95,6.1NRT,302.69,54.96,D
18.26776,73.18258,316.96,1,1,2022-01-24,0834,A,65,6.1NRT,301.53,9.28,D
18.33464,73.19413,317.81,1,1,2022-01-24,0834,A,67,6.1NRT,300.56,10.54,D
18.36079,73.31482,353.33,1.01,1,2022-01-24,0834,A,97,6.1NRT,302.19,62.19,D
18.35947,73.30542,317.97,1.01,1,2022-01-24,0834,A,64,6.1NRT,302.19,7.54,D
18.61313,74.748,312.81,1.1,1.04,2022-01-24,0834,A,21,6.1NRT,299.39,3.45,D
18.63531,74.30678,316.1,1.06,1.03,2022-01-24,0834,A,61,6.1NRT,302.02,8.12,D
18.64999,74.07697,334.03,1.04,1.02,2022-01-24,0834,A,85,6.1NRT,303.12,27.35,D
18.64866,74.06721,313.85,1.04,1.02,2022-01-24,0834,A,31,6.1NRT,301.52,4.33,D
18.68962,73.03666,315.13,1,1,2022-01-24,0834,A,0,6.1NRT,304.28,7.58,D
19.30208,76.36512,314.58,1.36,1.15,2022-01-24,0834,A,31,6.1NRT,299.52,8.6,D
19.29921,76.35877,318.17,1.36,1.15,2022-01-24,0834,A,67,6.1NRT,300.2,13.85,D
18.93375,73.33253,316.12,1.01,1,2022-01-24,0834,A,61,6.1NRT,300.83,7.25,D
19.64034,77.62182,312.68,1.67,1.27,2022-01-24,0834,A,56,6.1NRT,299.52,11.4,D
19.09491,73.16911,313.29,1.01,1,2022-01-24,0834,A,40,6.1NRT,300.85,6.08,D
19.53615,74.24127,317.23,1.07,1.03,2022-01-24,0834,A,65,6.1NRT,300.03,9.36,D
20.41927,81.41547,309.32,3.28,1.71,2022-01-24,0834,A,55,6.1NRT,295.86,25.7,D
19.33419,72.01695,316.19,1.01,1,2022-01-24,0834,A,65,6.1NRT,294.75,11.49,D
21.22952,76.761,311.18,1.53,1.22,2022-01-24,0834,A,54,6.1NRT,296.74,11.87,D
21.46807,72.76603,311.93,1.01,1,2022-01-24,0834,A,42,6.1NRT,299.71,4.27,D
23.79494,75.62489,306.66,1.4,1.17,2022-01-24,0834,A,23,6.1NRT,294.79,6.87,D
23.35481,70.05147,322.42,1.06,1.03,2022-01-24,0834,A,72,6.1NRT,304.92,11.52,D
24.52822,69.46787,318.05,1.09,1.04,2022-01-24,0834,A,58,6.1NRT,305.98,6.4,D
24.82366,68.06647,313.97,1.25,1.11,2022-01-24,0834,A,60,6.1NRT,303.1,8.02,D
25.01448,68.85837,313.92,1.13,1.06,2022-01-24,0834,A,52,6.1NRT,301.05,7.9,D
26.06913,75.97721,303.9,1.58,1.24,2022-01-24,0834,A,20,6.1NRT,292.19,7.62,D
26.2234,69.02286,313.09,1.09,1.04,2022-01-24,0837,A,53,6.1NRT,294.47,9.5,D
26.58045,68.88333,343.75,1.09,1.04,2022-01-24,0837,A,92,6.1NRT,294.89,52.84,D
26.95005,67.80393,309.2,1.2,1.09,2022-01-24,0837,A,48,6.1NRT,296.77,7.89,D
27.60814,69.01865,313.88,1.06,1.03,2022-01-24,0837,A,62,6.1NRT,296.54,8.67,D
27.60649,69.00809,321.11,1.06,1.03,2022-01-24,0837,A,76,6.1NRT,299.09,15.86,D
27.50943,68.27711,314.69,1.12,1.06,2022-01-24,0837,A,70,6.1NRT,295.67,12.81,D
27.97325,69.28285,307.05,1.03,1.02,2022-01-24,0837,A,49,6.1NRT,295.39,4.83,D
28.0869,69.18394,304.94,1.04,1.02,2022-01-24,0837,A,0,6.1NRT,293.57,3.98,D
28.06259,69.02711,306.25,1.05,1.02,2022-01-24,0837,A,0,6.1NRT,295.48,4.72,D
28.30581,69.71735,305.09,1.01,1.01,2022-01-24,0837,A,33,6.1NRT,294.53,3.93,D
28.40742,69.96249,307.66,1,1,2022-01-24,0837,A,54,6.1NRT,294.1,5.4,D
28.40593,69.95237,352.3,1,1,2022-01-24,0837,A,97,6.1NRT,295.67,65.41,D
28.49421,70.11691,318.66,1,1,2022-01-24,0837,A,75,6.1NRT,295.89,14.14,D
28.49273,70.1068,307.4,1,1,2022-01-24,0837,A,52,6.1NRT,295.93,5.32,D
28.59358,70.61652,309.63,1,1,2022-01-24,0837,A,54,6.1NRT,292.68,7.76,D
28.5724,70.34061,306.82,1,1,2022-01-24,0837,A,41,6.1NRT,292.89,5.66,D
29.056,70.56192,306.06,1,1,2022-01-24,0837,A,36,6.1NRT,293.17,5.52,D
28.59403,67.42982,310.94,1.19,1.08,2022-01-24,0837,A,61,6.1NRT,298,5.71,D
29.1297,70.50092,313.11,1,1,2022-01-24,0837,A,68,6.1NRT,295.02,9.83,D
29.12826,70.49075,308.79,1,1,2022-01-24,0837,A,58,6.1NRT,294.33,6.68,D
29.28566,71.4979,307.26,1.04,1.02,2022-01-24,0837,A,55,6.1NRT,293.98,6.43,D
29.20482,70.90587,321.21,1.01,1,2022-01-24,0837,A,77,6.1NRT,292.08,18.51,D
29.18551,70.63676,312.18,1,1,2022-01-24,0837,A,65,6.1NRT,297.93,8.66,D
29.24842,70.55556,306.25,1,1,2022-01-24,0837,A,47,6.1NRT,292.06,5.46,D
29.62119,70.85105,305.43,1.01,1.01,2022-01-24,0837,A,53,6.1NRT,295.26,4.82,D
30.51758,69.89684,306.33,1,1,2022-01-24,0837,A,62,6.1NRT,287.51,6.98,D
31.54592,70.87512,313.4,1.03,1.02,2022-01-24,0837,A,60,6.1NRT,291.48,11.65,D
31.67887,70.89926,308.3,1.04,1.02,2022-01-24,0837,A,50,6.1NRT,290.84,6.6,D
31.68793,70.89758,317.8,1.04,1.02,2022-01-24,0837,A,78,6.1NRT,292.32,14.92,D
31.68648,70.88679,303.73,1.04,1.02,2022-01-24,0837,A,38,6.1NRT,292.61,4.11,D
31.82371,70.81586,303.15,1.03,1.02,2022-01-24,0837,A,53,6.1NRT,292.32,4.21,D
31.92639,71.09825,305.77,1.05,1.02,2022-01-24,0837,A,61,6.1NRT,290.94,6.84,D
31.92494,71.08726,304.89,1.05,1.02,2022-01-24,0837,A,58,6.1NRT,290.84,6.25,D
31.92901,69.45561,306.93,1,1,2022-01-24,0837,A,64,6.1NRT,288.94,6.45,D
32.93553,71.80401,304.9,1.13,1.06,2022-01-24,0837,A,60,6.1NRT,291.93,5.55,D
32.93404,71.79208,332.76,1.13,1.06,2022-01-24,0837,A,88,6.1NRT,291.96,37.34,D
37.11018,62.35785,303.76,1.58,1.24,2022-01-24,0839,A,57,6.1NRT,286.52,7.26,D
38.43376,64.78053,311.34,1.14,1.06,2022-01-24,0839,A,71,6.1NRT,286.46,12.16,D
18.75549,95.28878,300.46,1.78,1.31,2022-01-24,1611,T,28,6.1NRT,290.41,10.71,N
20.96005,85.17645,303.89,1.43,1.18,2022-01-24,1613,T,57,6.1NRT,289.26,12.15,N
29.99362,55.84906,313.76,1.94,1.36,2022-01-24,1756,T,88,6.1NRT,269.06,48.52,N
18.56263,73.11692,306.22,2.75,1.59,2022-01-24,1751,T,67,6.1NRT,285.23,40.77,N
18.56602,73.11,303.1,2.75,1.59,2022-01-24,1751,T,53,6.1NRT,285.1,30.77,N
19.32836,72.02477,307.85,2.33,1.48,2022-01-24,1751,T,57,6.1NRT,294.25,23.02,N
19.34283,71.30319,309.43,2.06,1.4,2022-01-24,1751,T,66,6.1NRT,294.92,21.39,N
28.22711,101.91943,303.88,1.01,1,2022-01-24,1904,A,57,6.1NRT,276.08,10.3,N
26.62479,101.59509,317.76,1.01,1,2022-01-24,1904,A,96,6.1NRT,281.25,19.38,N
26.62334,101.60527,311.83,1.01,1,2022-01-24,1904,A,83,6.1NRT,281.47,14.46,N
19.33383,72.0173,312.47,1.34,1.15,2022-01-24,2044,A,79,6.1NRT,295.65,14.94,N
19.33225,72.02998,312.06,1.34,1.15,2022-01-24,2044,A,77,6.1NRT,295.62,14.44,N
19.3505,71.30747,307.63,1.49,1.21,2022-01-24,2044,A,55,6.1NRT,295.94,10.93,N
18.69079,73.04444,302.83,1.16,1.07,2022-01-24,2044,A,52,6.1NRT,288.75,8.92,N
18.56858,73.12028,316.01,1.15,1.07,2022-01-24,2044,A,92,6.1NRT,285.83,20.39,N
15.84911,75.59716,313.55,1.01,1.01,2022-01-24,2046,A,87,6.1NRT,287.89,14.22,N
18.69143,55.48719,310.31,1.56,1.23,2022-01-24,2224,A,80,6.1NRT,279.5,25.95,N
23.53108,100.74438,319.45,2.24,1.45,2022-01-25,0423,T,48,6.1NRT,286.91,50.12,D
23.53254,100.74,311.04,2.24,1.45,2022-01-25,0423,T,43,6.1NRT,285.42,32.47,D
23.52887,100.7593,318.45,2.25,1.45,2022-01-25,0423,T,70,6.1NRT,287.67,53.67,D
22.40791,97.54471,322.55,1.42,1.18,2022-01-25,0423,T,73,6.1NRT,293.03,27.06,D
22.71755,95.56432,317.44,1.1,1.05,2022-01-25,0423,T,75,6.1NRT,293.81,10.74,D
22.71585,95.57489,315.23,1.1,1.05,2022-01-25,0423,T,72,6.1NRT,295.04,8.58,D
22.71924,95.33226,314.47,1.08,1.04,2022-01-25,0423,T,70,6.1NRT,294.88,8.98,D
22.6041,95.63543,312.6,1.11,1.05,2022-01-25,0423,T,67,6.1NRT,296.47,6.46,D
22.19172,97.47506,308.26,1.41,1.18,2022-01-25,0423,T,32,6.1NRT,294.49,7.84,D
22.19708,97.46952,309.26,1.41,1.18,2022-01-25,0423,T,37,6.1NRT,294.93,9.22,D
21.24138,98.1281,311.34,1.62,1.25,2022-01-25,0423,T,59,6.1NRT,291.14,14.45,D
20.98334,97.03072,312.75,1.39,1.17,2022-01-25,0425,T,36,6.1NRT,296.63,8.36,D
20.95909,97.00626,312.19,1.39,1.17,2022-01-25,0425,T,64,6.1NRT,296.05,8.7,D
20.06536,98.17305,308.68,1.72,1.29,2022-01-25,0425,T,63,6.1NRT,292.99,17.6,D
20.21939,97.00711,313.93,1.42,1.18,2022-01-25,0425,T,65,6.1NRT,297.53,14.62,D
20.10202,97.09066,319.41,1.45,1.19,2022-01-25,0425,T,76,6.1NRT,295.97,24.1,D
19.82367,96.60917,312.69,1.36,1.16,2022-01-25,0425,T,66,6.1NRT,293,16.08,D
19.88212,95.38026,317.54,1.16,1.07,2022-01-25,0425,T,73,6.1NRT,303.31,8.25,D
19.88035,95.3912,319.72,1.16,1.07,2022-01-25,0425,T,75,6.1NRT,301.98,10.64,D
18.92013,100.10603,307.08,2.52,1.53,2022-01-25,0425,T,57,6.1NRT,295.03,18.46,D
19.40307,96.23228,319.63,1.31,1.14,2022-01-25,0425,T,70,6.1NRT,300.3,17.67,D
19.40103,96.24461,315.23,1.31,1.14,2022-01-25,0425,T,67,6.1NRT,300.94,10.83,D
19.37581,95.02153,319.47,1.13,1.06,2022-01-25,0425,T,75,6.1NRT,300.79,12.24,D
19.05902,95.32644,321.17,1.18,1.08,2022-01-25,0425,T,78,6.1NRT,302.51,13.62,D
19.02716,95.25777,328.22,1.17,1.08,2022-01-25,0425,T,84,6.1NRT,301.52,25.12,D
18.65742,95.38548,311.81,1.21,1.09,2022-01-25,0425,T,56,6.1NRT,300.27,6.85,D
18.43411,95.2534,320.3,1.19,1.09,2022-01-25,0425,T,76,6.1NRT,303.72,9,D
15.88835,99.29717,316.54,2.52,1.53,2022-01-25,0425,T,39,6.1NRT,298.52,34.24,D
14.1102,101.24464,322.55,3.85,1.83,2022-01-25,0425,T,77,6.1NRT,299.31,74.01,D
14.10364,101.23627,316.91,3.85,1.83,2022-01-25,0425,T,38,6.1NRT,299.3,36.51,D
28.97913,70.81855,305.89,1.01,1,2022-01-25,0559,T,50,6.1NRT,289.96,6.5,D
28.98764,70.38669,326.56,1,1,2022-01-25,0559,T,83,6.1NRT,292.37,23.59,D
28.93715,70.29412,305.54,1,1,2022-01-25,0559,T,54,6.1NRT,291.69,5.76,D
28.30668,73.34394,311.3,1.22,1.1,2022-01-25,0559,T,27,6.1NRT,296.82,5.34,D
28.29202,73.43012,313.28,1.24,1.11,2022-01-25,0559,T,64,6.1NRT,296.78,9.07,D
28.78612,70.2537,307.02,1,1,2022-01-25,0559,T,53,6.1NRT,289.98,6.54,D
28.78464,70.26381,309.71,1,1,2022-01-25,0559,T,63,6.1NRT,290.7,8,D
28.29066,73.37867,310.43,1.23,1.1,2022-01-25,0559,T,56,6.1NRT,295.92,5.32,D
28.73855,70.45251,307.57,1,1,2022-01-25,0559,T,56,6.1NRT,291.12,7.18,D
28.70182,70.38729,305.06,1,1,2022-01-25,0559,T,38,6.1NRT,291.16,6.05,D
28.67186,70.58942,305.58,1,1,2022-01-25,0559,T,40,6.1NRT,290.37,6.23,D
28.64843,70.18474,311.89,1,1,2022-01-25,0559,T,66,6.1NRT,291.07,9.61,D
28.64696,70.19484,311.99,1,1,2022-01-25,0559,T,66,6.1NRT,291.32,9.83,D
28.58325,70.06263,316.96,1,1,2022-01-25,0559,T,55,6.1NRT,291.44,13.62,D
28.50763,70.14201,308.65,1,1,2022-01-25,0559,T,57,6.1NRT,292.07,7.66,D
28.46297,70.00372,305.1,1,1,2022-01-25,0559,T,16,6.1NRT,291.91,4.17,D
28.45844,69.97184,307.97,1,1,2022-01-25,0559,T,56,6.1NRT,292.97,6.45,D
28.45698,69.98193,315.08,1,1,2022-01-25,0559,T,71,6.1NRT,293.2,11.74,D
28.29699,69.94028,303.28,1,1,2022-01-25,0559,T,40,6.1NRT,290.89,4.6,D
28.14767,69.56982,304.64,1.01,1,2022-01-25,0559,T,53,6.1NRT,291.22,4.94,D
28.11127,69.75999,305.95,1,1,2022-01-25,0559,T,55,6.1NRT,291.17,6.79,D
27.97823,69.20499,307.39,1.02,1.01,2022-01-25,0559,T,60,6.1NRT,293.75,6.04,D
27.9768,69.21519,317.59,1.02,1.01,2022-01-25,0559,T,76,6.1NRT,293.31,14.05,D
27.95549,69.23629,307.94,1.01,1.01,2022-01-25,0559,T,60,6.1NRT,292.72,7.13,D
27.95406,69.24648,303.55,1.01,1.01,2022-01-25,0559,T,29,6.1NRT,292.47,4.42,D
27.47545,72.39669,324.75,1.13,1.06,2022-01-25,0559,T,78,6.1NRT,298.64,19.26,D
27.53746,71.95264,311.47,1.09,1.04,2022-01-25,0559,T,39,6.1NRT,297.62,4.5,D
27.53572,71.96349,312.69,1.09,1.04,2022-01-25,0559,T,54,6.1NRT,297.15,5.69,D
27.46603,72.39476,314.3,1.13,1.06,2022-01-25,0559,T,38,6.1NRT,297.94,6.53,D
27.91313,69.40574,306.57,1.01,1,2022-01-25,0559,T,53,6.1NRT,291.5,6.13,D
27.47491,72.28069,320.12,1.12,1.06,2022-01-25,0559,T,72,6.1NRT,300.16,13.07,D
27.47309,72.29187,313.02,1.12,1.06,2022-01-25,0559,T,38,6.1NRT,299.39,5.8,D
27.46371,72.28996,314.75,1.12,1.06,2022-01-25,0559,T,35,6.1NRT,297.77,7.21,D
27.44448,72.17122,326.55,1.11,1.05,2022-01-25,0559,T,80,6.1NRT,299.16,20.47,D
27.44267,72.18227,338.67,1.11,1.05,2022-01-25,0559,T,84,6.1NRT,299.89,38.39,D
27.46379,71.95425,315.47,1.09,1.04,2022-01-25,0559,T,65,6.1NRT,298.06,9.35,D
27.46206,71.9651,312.54,1.09,1.04,2022-01-25,0559,T,38,6.1NRT,298.06,6.13,D
27.45859,71.98685,313.19,1.09,1.04,2022-01-25,0559,T,55,6.1NRT,297.21,6.32,D
27.42293,72.14941,336.88,1.11,1.05,2022-01-25,0559,T,77,6.1NRT,298.12,38.06,D
27.41937,72.17151,334.56,1.11,1.05,2022-01-25,0559,T,75,6.1NRT,298,30.98,D
27.41003,72.1696,339.22,1.11,1.05,2022-01-25,0559,T,78,6.1NRT,298.78,39.49,D
27.38654,72.31452,312.45,1.13,1.06,2022-01-25,0559,T,58,6.1NRT,297.44,6.84,D
27.38471,72.32575,311.34,1.13,1.06,2022-01-25,0559,T,54,6.1NRT,297.2,6.04,D
27.40919,72.05581,326.48,1.1,1.05,2022-01-25,0559,T,76,6.1NRT,300.62,20.53,D
27.40521,72.02115,316.5,1.1,1.05,2022-01-25,0559,T,26,6.1NRT,299.29,7.75,D
27.1754,71.84434,311.85,1.09,1.04,2022-01-25,0559,T,33,6.1NRT,298.45,4.4,D
27.41238,68.50985,305.81,1.04,1.02,2022-01-25,0559,T,47,6.1NRT,291.01,6.81,D
27.41094,68.52028,319.51,1.04,1.02,2022-01-25,0559,T,67,6.1NRT,290.94,17.96,D
27.17184,68.44669,308.48,1.04,1.02,2022-01-25,0559,T,57,6.1NRT,292.12,8.26,D
27.17043,68.4571,306.74,1.04,1.02,2022-01-25,0559,T,49,6.1NRT,291.67,6.96,D
26.92444,68.23702,305.94,1.05,1.03,2022-01-25,0559,T,42,6.1NRT,291.01,6.9,D
26.83736,68.2702,311.67,1.05,1.02,2022-01-25,0559,T,64,6.1NRT,291.2,10.88,D
26.12298,68.84818,328.41,1.01,1.01,2022-01-25,0559,T,84,6.1NRT,294.49,25.27,D
26.12157,68.85818,324.12,1.01,1.01,2022-01-25,0559,T,80,6.1NRT,293.76,20.29,D
26.07969,68.29659,308.41,1.04,1.02,2022-01-25,0559,T,61,6.1NRT,291.26,8.22,D
25.57396,69.14391,312.26,1,1,2022-01-25,0559,T,64,6.1NRT,294.32,8.95,D
25.62683,68.64529,312.57,1.02,1.01,2022-01-25,0601,T,66,6.1NRT,292.37,10.37,D
25.5602,68.46403,315.23,1.02,1.01,2022-01-25,0601,T,71,6.1NRT,292.51,12.43,D
25.45419,69.20796,311.13,1,1,2022-01-25,0601,T,60,6.1NRT,295.49,7.55,D
25.50369,68.6697,306.5,1.01,1.01,2022-01-25,0601,T,44,6.1NRT,293.74,5.47,D
25.45447,68.75675,319.27,1.01,1,2022-01-25,0601,T,75,6.1NRT,294.08,14.83,D
25.44268,68.77509,307.91,1.01,1,2022-01-25,0601,T,32,6.1NRT,293.68,5.37,D
25.3492,69.2338,319.54,1,1,2022-01-25,0601,T,74,6.1NRT,294.66,14.47,D
25.34778,69.24362,307.73,1,1,2022-01-25,0601,T,38,6.1NRT,294.96,5.07,D
25.35866,68.65331,314.6,1.01,1.01,2022-01-25,0601,T,69,6.1NRT,294.81,10.5,D
25.35725,68.66325,307.49,1.01,1.01,2022-01-25,0601,T,43,6.1NRT,294.33,5.26,D
25.34968,68.65182,308.78,1.01,1.01,2022-01-25,0601,T,39,6.1NRT,293.99,5.95,D
25.24619,68.86111,308.92,1.01,1,2022-01-25,0601,T,51,6.1NRT,294.93,6.82,D
25.18028,69.0012,308.47,1,1,2022-01-25,0601,T,45,6.1NRT,294.69,4.75,D
25.17887,69.01102,308.12,1,1,2022-01-25,0601,T,41,6.1NRT,294.87,4.63,D
25.11877,69.10545,312.44,1,1,2022-01-25,0601,T,60,6.1NRT,294.87,8.48,D
25.09767,69.06165,312.86,1,1,2022-01-25,0601,T,62,6.1NRT,296.34,8.57,D
24.51583,72.21098,312.75,1.21,1.09,2022-01-25,0601,T,58,6.1NRT,297.95,8.91,D
24.99842,68.46648,309.63,1.02,1.01,2022-01-25,0601,T,45,6.1NRT,296.34,5.62,D
24.88023,68.52184,310.21,1.01,1.01,2022-01-25,0601,T,53,6.1NRT,298,5.41,D
24.87883,68.53175,311.74,1.01,1.01,2022-01-25,0601,T,59,6.1NRT,298.18,6.49,D
24.74194,69.29233,312.61,1,1,2022-01-25,0601,T,56,6.1NRT,298.92,6.92,D
24.5639,69.24928,312.13,1,1,2022-01-25,0601,T,56,6.1NRT,300.52,4.83,D
24.64004,68.06548,310.11,1.03,1.01,2022-01-25,0601,T,56,6.1NRT,295.47,6.71,D
24.65091,67.92628,311.98,1.04,1.02,2022-01-25,0601,T,62,6.1NRT,294.71,8.96,D
24.6495,67.93642,307.92,1.04,1.02,2022-01-25,0601,T,44,6.1NRT,294.44,5.71,D
24.63119,68.06779,307.41,1.03,1.01,2022-01-25,0601,T,31,6.1NRT,295.17,4.42,D
22.72955,71.44283,314.38,1.17,1.08,2022-01-25,0601,T,55,6.1NRT,301.13,8.85,D
21.18018,72.97983,311.54,1.52,1.22,2022-01-25,0601,T,60,6.1NRT,297.33,11.21,D
20.95814,70.60186,317.46,1.12,1.06,2022-01-25,0601,T,73,6.1NRT,298.35,13.94,D
19.33702,72.0153,312.04,1.41,1.18,2022-01-25,0601,T,52,6.1NRT,294.93,13.64,D
19.33476,72.02852,313.37,1.42,1.18,2022-01-25,0601,T,58,6.1NRT,294.87,15.47,D
19.34242,71.31162,313.92,1.28,1.12,2022-01-25,0601,T,57,6.1NRT,293.98,11.84,D
19.34364,71.30547,311.56,1.28,1.12,2022-01-25,0601,T,32,6.1NRT,295.05,9.16,D
18.02718,74.1222,317.86,2.11,1.41,2022-01-25,0601,T,71,6.1NRT,297.25,29.83,D
18.02633,74.11647,310.58,2.11,1.41,2022-01-25,0601,T,47,6.1NRT,297,12.19,D
32.02845,70.32606,302.5,1.01,1.01,2022-01-25,0559,T,52,6.1NRT,287.87,5.34,D
31.69202,71.06624,301.03,1,1,2022-01-25,0559,T,36,6.1NRT,287.55,3.84,D
30.27522,70.91319,301.82,1,1,2022-01-25,0559,T,49,6.1NRT,289.86,4.39,D
29.92411,72.7607,300.57,1.1,1.05,2022-01-25,0559,T,39,6.1NRT,290.27,3.88,D
30.17286,70.91904,303.47,1,1,2022-01-25,0559,T,56,6.1NRT,289.93,4.95,D
30.17133,70.9293,303.25,1,1,2022-01-25,0559,T,55,6.1NRT,291.12,4.92,D
29.94308,70.91496,300.67,1,1,2022-01-25,0559,T,40,6.1NRT,289.39,3.89,D
30.21973,67.57433,305.59,1.2,1.09,2022-01-25,0559,T,62,6.1NRT,285.93,8.93,D
29.75397,70.88056,300.52,1,1,2022-01-25,0559,T,38,6.1NRT,289.24,3.97,D
29.72136,70.85327,313.07,1,1,2022-01-25,0559,T,73,6.1NRT,290.13,11.4,D
29.59247,70.79105,305.64,1,1,2022-01-25,0559,T,62,6.1NRT,292.85,4.84,D
15.86814,101.54257,315.14,4.34,1.92,2022-01-25,0559,A,43,6.1NRT,299.46,49.77,D
